name,phone,email,numberrange
Hayden Spence,1-746-313-4555,nunc.ullamcorper@aol.couk,4
Britanney Adams,1-550-676-7302,vel.turpis@hotmail.edu,4
Tamekah Bowman,1-798-504-5388,mauris.a@google.com,4
Erin Raymond,(367) 175-7476,ut.erat.sed@google.net,4
Viviend Martin,(707) 615-9825,ac.libero@icloud.edu,1
Alexa Barker,1-245-418-8957,parturient.montes.nascetur@outlook.edu,3
Velma Mccormick,1-721-861-5433,metus@aol.ca,9
Graham Hunt,(806) 915-1393,vitae.semper.egestas@aol.org,10
Nasim Bean,(704) 531-6043,ligula@yahoo.couk,4
Linda Gonzalez,1-718-614-5972,fringilla.donec@google.couk,1
Athena Briggs,1-767-727-8142,NULL.vitae@hotmail.org,3
Aquila Preston,(856) 787-2354,lobortis.augue.scelerisque@protonmail.ca,0
Francesca Mathis,1-425-844-4328,consectetuer.mauris@aol.org,0
Deacon Best,1-826-732-4706,nibh.donec.est@yahoo.ca,4
Preston Ramirez,1-923-289-8960,sapien@aol.couk,7
Kenneth Munoz,1-773-173-8859,vehicula@hotmail.com,2
Britanni Hewitt,1-577-108-5123,sed.auctor.odio@protonmail.ca,5
Edan Jenkins,(598) 872-1796,augue.eu.tempor@aol.net,9
Oleg Barry,1-331-918-3354,tellus@outlook.couk,7
Remedios Bridges,(713) 531-4451,aliquam.arcu.aliquam@google.com,NULL
Aladdin Simon,1-355-186-8775,rissus.a.ultricies@outlook.net,0
Natalie Merrill,1-504-834-7839,morbi@outlook.couk,10
Chanda Luna,1-995-642-5653,sit.amet@outlook.couk,6
Risa Gallagher,(214) 578-0611,sed.pharetra.felis@icloud.couk,9
Martina Mosley,1-761-106-2648,eu.enim.etiam@google.org,4
Brady English,(450) 717-7353,blandit@yahoo.edu,7
Fay Campos,(335) 623-9163,nisl.nulla@outlook.edu,4
Herrod Bradshaw,(764) 668-7708,varius.nam@yahoo.org,6
Hyatt Robbins,1-156-274-6533,vitae.purus@hotmail.ca,7
Fulton Nolan,1-127-478-5264,in.sodales@aol.ca,6
Palmer Richards,(528) 598-7238,etiam.ligula.tortor@outlook.ca,4
Hyatt Fields,(414) 436-2647,maecenas.malesuada@icloud.com,4
Daniel Hendricks,1-366-755-8408,quisque.libero@protonmail.com,8
Alfreda Guerra,(761) 258-5778,aliquam.ultrices.iaculis@yahoo.ca,0
Delilah Carter,1-733-723-5970,nulla@outlook.couk,4
William Stanton,1-380-613-9545,sed@protonmail.org,4
Oren Bryant,(981) 399-7753,erat.eget@icloud.couk,6
Price Slater,(879) 539-5173,blandit.viverra@google.couk,4
Buffy West,(721) 746-2673,mauris.sagittis@aol.org,5
Palmer Gilbert,(403) 691-3482,in@aol.edu,0
Sebastian Phelps,1-166-454-7667,sit.amet.diam@aol.com,4
Ezra Jensen,1-978-811-6226,at.fringilla@yahoo.com,7
Zelda Mendez,(593) 226-6717,scelerisque.neque@aol.edu,2
Uta Trevino,(668) 435-0868,fermentum.convallis.ligula@protonmail.edu,2
Karleigh House,(562) 284-1665,sollicitudin.orci.sem@yahoo.couk,6
Anjolie Roberson,1-256-834-6223,purus.mauris@protonmail.ca,2
Farrah Wilcox,(417) 684-5157,mauris.aliquam@icloud.couk,1
Cherokee Mcbride,(515) 971-3869,tristique@outlook.edu,5
MacKensie Miller,(145) 747-6472,nullam.vitae@google.couk,2
Frances Casey,(559) 311-3348,rhoncus.donec@icloud.ca,7
Jin Salazar,(276) 272-5741,nam@protonmail.org,6
Kamal Bryant,1-531-206-9567,imperdiet@hotmail.net,6
Colleen Finch,1-862-625-2308,ac@aol.edu,7
Edan Townsend,(272) 144-6210,posuere.vulputate.lacus@hotmail.net,6
Wallace Figueroa,1-602-426-4125,eget@protonmail.ca,7
Alvin Cummings,(354) 588-7652,eros.proin.ultrices@outlook.com,2
Britanni Avila,(544) 685-8286,pellentesque.tellus@outlook.edu,7
Liberty Edwards,(525) 336-2514,iaculis.aliquet.diam@protonmail.ca,4
Slade Hyde,(744) 828-7806,habitant.morbi@outlook.com,6
Martin Curry,1-179-722-3165,nonummy.ut.molestie@icloud.couk,8
Cally Summers,1-377-337-1380,amet@icloud.com,8
Jack Mason,(217) 805-5727,nibh.donec.est@aol.edu,1
Dennis Hull,1-473-416-3688,dapibus.quam.quis@google.com,4
Asher Clark,(776) 628-5323,non.leo@protonmail.org,10
Elijah Foreman,(265) 475-2284,aliquet.diam.sed@hotmail.ca,2
Jamalia Kelly,1-911-472-6341,iaculis.odio@yahoo.couk,9
Destiny Walter,1-413-601-8968,dictum@outlook.ca,10
Charde Mcpherson,(442) 148-4255,in@protonmail.org,3
Evan Young,(615) 718-8889,sagittis.placerat@yahoo.ca,9
Yuri Nichols,1-464-340-5726,cursus@aol.com,4
Alec Hinton,(741) 177-1030,hendrerit.consectetuer.cursus@icloud.edu,4
Lysandra Cooke,(809) 534-5876,fusce.diam@aol.net,6
Hakeem Morris,1-617-722-7730,libero.proin@yahoo.net,1
Nolan Baker,1-463-745-6344,metus.sit@google.net,7
Shelly Mercer,1-410-222-6418,magna@protonmail.org,2
Britanney Wolfe,(682) 461-5810,tempor.est@aol.org,3
Buckminster Melton,(874) 552-0472,eu.dui@aol.couk,5
Ethan Barker,1-632-661-1579,fermentum.vel@protonmail.ca,3
Sacha Lynn,1-311-178-7951,sociis@outlook.edu,0
Orli Graham,1-862-164-3855,dolor.egestas@yahoo.edu,5
Zephr Woods,(913) 218-9747,faucibus.ut@google.org,1
Dillon Koch,(256) 717-9235,porttitor.eros@google.edu,5
Ronan Mosley,1-478-629-4063,amet@google.ca,0
Inez Hays,(447) 516-4774,blandit.congue@protonmail.org,8
Martina Booker,(723) 411-7122,eleifend.non@google.edu,4
Craig Bean,1-721-790-7241,aenean.euismod@hotmail.edu,10
Leila Blankenship,(572) 918-8448,convallis.in@outlook.com,4
Quinn Richardson,1-363-922-1878,tristique.senectus@yahoo.net,10
Athena Pruitt,(864) 467-7182,ac.libero@icloud.net,2
Chester Hester,(749) 171-5815,a@aol.edu,2
Eagan Wallace,1-837-383-8232,ultrices.posuere@google.ca,3
Thor King,(288) 947-4330,turpis@hotmail.ca,3
Nicole Carlson,(243) 899-1464,curabitur.dictum@hotmail.couk,1
Dahlia Blankenship,(447) 174-5825,non.enim@icloud.org,5
Yael Gonzales,1-687-416-9828,libero.mauris@hotmail.net,9
Flavia Hicks,(853) 948-7432,sodales.elit.erat@google.edu,2
Robin Roth,(957) 578-2473,libero.morbi@yahoo.org,2
Jenna Leon,1-541-321-2532,laoreet@protonmail.edu,10
Gannon Olsen,1-269-827-1847,mollis.lectus@hotmail.org,0
Stuart Alexander,(314) 226-6686,arcu.eu@yahoo.ca,5
